user_id,email,name,signup_date,country
1,howard10@example.com,Shawn Davenport,2023-11-16,Paraguay
2,bromero@example.net,Shawn Alvarez,2025-03-30,Qatar
3,castanedajames@example.net,Jessica Gomez,2025-01-22,South Africa
4,phillipskenneth@example.net,Kyle King,2024-06-05,Eritrea
5,robinsonanna@example.org,Sarah Sanders,2024-05-07,Vanuatu
6,cestes@example.org,Laurie Holland,2024-01-07,Cocos (Keeling) Islands
7,kaylee69@example.com,Bruce Freeman PhD,2024-11-17,Saint Kitts and Nevis
8,washingtonhunter@example.org,Erica Adams,2024-12-20,Fiji
9,logan80@example.com,David Beasley,2024-09-25,British Virgin Islands
10,wroberson@example.com,Lisa Cox,2025-10-05,Egypt
11,james28@example.net,Harold Myers,2024-08-17,Libyan Arab Jamahiriya
12,dylan28@example.com,Nicole Miller,2024-11-17,Zambia
13,david38@example.net,Scott Townsend,2024-06-04,Dominican Republic
14,iortiz@example.org,Katrina Coleman,2024-03-31,Jordan
15,gabrielle27@example.org,Barry Brandt,2023-12-17,Poland
16,garrettalicia@example.net,Stephen Miller,2024-04-19,Belize
17,fjackson@example.net,Beth Adams,2024-10-07,Russian Federation
18,wreyes@example.com,John Turner,2025-10-18,Bulgaria
19,hobbstammy@example.com,Ian Moss,2024-11-07,French Southern Territories
20,rodriguezjanice@example.org,Nancy Cruz,2024-10-11,Iran
21,gregorydennis@example.com,Thomas Grimes,2024-06-06,Togo
22,zross@example.net,Brian Carter,2024-07-18,North Macedonia
23,margaret90@example.net,Timothy Pitts,2025-07-11,Cote d'Ivoire
24,murrayamber@example.org,Joseph Dawson,2024-07-11,Saint Vincent and the Grenadines
25,meagan80@example.com,Douglas Patel,2024-04-11,Bhutan
26,erikwoods@example.org,Jerry Medina,2024-08-06,Saint Vincent and the Grenadines
27,ydelgado@example.net,Kenneth Hawkins,2024-07-11,New Caledonia
28,cooperkylie@example.com,Sarah George,2025-09-30,Chile
29,sarahbeltran@example.net,Susan Rice,2025-04-10,Malta
30,vortiz@example.net,Larry Jackson,2024-10-10,American Samoa
31,haaschad@example.net,Teresa Wilson,2025-11-09,Poland
32,joshua72@example.com,William Powell,2024-06-10,Guadeloupe
33,wowen@example.org,Ethan Velez,2025-03-08,Micronesia
34,scottlopez@example.com,Tracy Walters,2024-07-31,Dominican Republic
35,tracy50@example.org,Curtis Flores,2024-04-14,Spain
36,angel61@example.org,Ian Lee,2024-08-20,North Macedonia
37,holly39@example.net,Alyssa Fowler,2024-11-24,Finland
38,armstrongsamantha@example.com,Natalie Martinez,2025-05-05,Myanmar
39,sbell@example.com,Charles Franklin,2024-09-16,Cameroon
40,david10@example.com,Madeline Carrillo,2025-03-14,Rwanda
41,hmeza@example.org,Thomas Robles,2024-05-20,Vanuatu
42,cynthiahodges@example.com,Timothy Larsen,2025-05-18,Tokelau
43,cody28@example.com,Angela Sanchez,2025-07-18,Gambia
44,phillipsrobert@example.net,Mrs. Megan Murphy,2024-02-06,Bermuda
45,anthony88@example.net,Douglas Trujillo,2024-06-10,Somalia
46,xdouglas@example.com,Anna Simmons,2024-06-20,Northern Mariana Islands
47,jose16@example.com,Michael Thomas,2023-11-30,Austria
48,reyescristina@example.org,Michael Gallegos,2024-09-04,Nigeria
49,parkerrobert@example.net,Michelle Lucas,2025-07-05,Ghana
50,elizabethcantu@example.com,Isabella Greer,2024-10-26,Saint Helena
